Model,1st Layer,2nd Layer,3rd Layer,4th Layer,Accuracy,Loss
model_1,m_3,c_7,c_7,c_6,0.5584665027658267,1.3771414035071459
model_2,c_11,c_1,c_9,c_11,0.7878380454824832,0.7097733985190752
model_3,c_6,c_5,c_1,c_3,0.7835356484326982,0.7220604777629198
model_4,c_8,m_3,c_1,m_3,0.46669483712354026,1.688272911489706
model_1,m_2,c_11,c_12,c_9,0.9017747387830363,0.347051754822816
model_1,m_2,c_11,c_12,c_9,0.8929010448678549,0.3608266769965038
model_1,m_2,c_11,c_12,c_9,0.897818070067609,0.3605123323313411
model_2,c_11,c_8,c_8,c_10,0.8893285187461586,0.3980658789518499
model_3,c_6,c_9,c_3,c_7,0.8756146281499693,0.42659469704889563
model_4,c_6,c_1,c_3,c_1,0.8727719729563614,0.43608621218240035
model_5,c_7,c_9,c_1,c_7,0.8662415488629379,0.4531387759953023
model_6,c_11,m_1,m_3,c_3,0.8577519975414875,0.5003679326306697
model_7,c_2,c_1,s,-,0.837661339889367,0.5551491800807852
model_8,c_8,c_4,c_2,c_2,0.8812615242778119,0.4125634941839703
model_9,c_6,m_3,c_4,c_11,0.8843730792870313,0.4107509425394214
model_10,c_1,c_3,c_1,m_2,0.8669714197910264,0.44479164782941305
model_11,c_1,c_2,c_1,c_4,0.8580977258758451,0.468219046806659
model_12,m_1,c_7,s,-,0.8066226183159189,0.7064480932490109
model_13,c_4,c_4,c_1,c_3,0.8717732022126613,0.4358141393238735
model_14,c_9,c_6,c_4,c_9,0.8877151198524893,0.39892720209907445
model_15,c_5,c_2,c_5,c_3,0.8491472034419176,0.5153189532106174
model_16,m_2,m_3,c_8,c_4,0.6210817455439459,1.1663233885093929
model_17,m_1,c_6,c_4,c_5,0.8456899200983405,0.5194849996714777
model_18,c_9,c_4,c_10,m_2,0.8724646588813768,0.46103645931670617
model_19,c_5,c_12,c_9,m_2,0.8791487400122926,0.4161885288608682
model_20,c_9,c_9,c_4,m_3,0.8714274738783037,0.44333013074304256
model_21,c_12,c_8,m_2,c_6,0.8869852489244008,0.4754420618521486
model_22,c_10,c_7,c_2,c_4,0.8678933620159803,0.5423154019474177
model_23,c_8,c_12,m_2,c_6,0.8991625691456668,0.41250360519444934
model_24,c_7,c_5,m_3,c_5,0.8864474492931776,0.39845613519802514
model_25,m_3,c_9,m_2,m_1,0.6812384757221881,1.0446247239382485
model_26,c_9,c_3,c_4,m_3,0.8767670559311617,0.4502026352438373
model_27,c_11,c_12,c_4,c_5,0.8837968653964352,0.4028091472610785
model_28,c_10,c_1,c_12,c_4,0.8516441303011678,0.5260045306039282
model_29,c_6,m_2,c_5,m_1,0.8698524892440074,0.5222107835283437
model_30,c_4,c_7,s,-,0.8403503380454825,0.5422274627492115
model_31,c_1,c_2,c_12,c_5,0.8350107559926244,0.6491837606484273
model_32,c_3,m_2,s,-,0.8484941610325752,0.5393783273913777
model_33,m_2,c_9,s,-,0.8464966195451752,0.545209235330264
model_34,m_2,m_1,c_9,c_12,0.8248309772587584,0.5873061034418574
model_35,c_12,c_4,c_11,c_12,0.8802627535341119,0.4225057863573685
model_36,c_5,c_2,c_1,m_3,0.8766902274124155,0.4295778144482974
model_37,c_2,m_2,c_11,c_5,0.890019975414874,0.38041140596120726
model_38,c_1,m_2,c_11,c_5,0.8840273509526736,0.4111301911412094
model_39,c_6,c_11,c_6,c_5,0.8828749231714813,0.3890477071968998
model_40,c_2,c_1,c_8,c_8,0.8644744929317763,0.48850349460962583
model_41,c_7,c_1,m_2,m_2,0.87350184388445,0.5021241856962168
model_42,c_11,m_2,c_11,c_5,0.9038491087891826,0.34032542393133547
model_43,c_3,c_10,c_1,c_8,0.8672787338660111,0.456118805616746
model_44,c_1,c_4,c_9,c_12,0.8768822987092809,0.4301996073458337
model_45,c_3,c_4,c_6,c_10,0.8763444990780578,0.42525404388544086
model_46,c_5,s,-,-,0.8274815611555009,0.6043225941056478
model_47,c_6,c_9,c_2,c_5,0.8727719729563614,0.4390597148456673
model_48,c_10,c_12,c_7,c_1,0.8520282728948986,0.5072194272543509
model_49,c_8,c_12,c_6,c_1,0.8773048555623848,0.4142684705679081
model_50,c_10,c_11,c_10,c_4,0.87549938537185,0.47893880104351866
model_51,c_8,s,-,-,0.832360172095882,0.5782715466374917
model_52,c_2,c_4,m_2,m_3,0.8504148740012293,0.5435402796505856
model_53,c_7,c_11,c_11,c_8,0.8852181929932391,0.4029031662979079
model_54,c_10,c_3,c_3,c_3,0.8721189305470191,0.4495970950070963
model_55,c_9,c_4,c_11,c_11,0.8262138905961893,0.5751806259356764
model_56,c_12,c_2,m_2,c_9,0.9002765826674862,0.3994833570117956
model_57,c_8,c_11,c_2,c_4,0.8531038721573448,0.6845934169931359
model_58,m_2,c_7,c_8,c_5,0.8723878303626306,0.4334118205781502
model_59,c_6,m_2,c_9,c_9,0.9032728948985863,0.33971831614189374
model_60,c_5,c_3,c_5,c_12,0.8802627535341119,0.43044950313220454
model_61,c_5,c_8,c_3,s,0.8730792870313461,0.42981570637163824
model_62,c_9,c_4,c_1,s,0.8504532882606023,0.6261820604300016
model_63,c_2,m_2,c_2,c_12,0.9017363245236631,0.3470344122799174
model_64,c_6,c_6,m_3,c_7,0.8912108174554395,0.4546396060450061
model_65,c_7,c_9,c_2,c_3,0.8718884449907806,0.4529983441505098
model_66,c_11,c_9,c_9,m_3,0.8878687768899816,0.41979296261830495
model_67,c_11,c_2,s,-,0.8618239090350338,0.48148095670036545
model_68,c_11,m_1,c_5,c_8,0.895321143208359,0.3694878554620769
model_69,c_10,c_8,c_5,c_8,0.8594422249539029,0.4973494647541292
model_70,c_12,c_4,c_10,c_7,0.854141057160418,0.5060135573148727
model_71,c_10,c_10,m_2,c_3,0.8587891825445605,0.6009264884547507
model_72,c_6,c_6,c_9,c_10,0.8860633066994469,0.3888370435371235
model_73,c_10,c_1,c_7,c_2,0.8428088506453596,0.5640613743239703
model_74,c_4,c_8,c_2,c_3,0.8685848186846957,0.4618069865748277
model_75,c_1,c_2,c_4,c_4,0.8715043023970498,0.4507606544319515
model_76,c_1,c_1,m_1,c_3,0.8841041794714198,0.4418270094818181
model_77,c_4,c_10,c_3,m_3,0.8906346035648433,0.4107115578590981
model_78,c_4,s,-,-,0.816840811309158,0.6286949565074308
model_79,m_3,c_11,c_12,s,0.8733866011063307,0.4337787280235836
model_80,c_5,c_4,c_5,c_7,0.8834895513214506,0.4111234189504008
model_81,c_9,c_5,c_5,c_1,0.8658574062692072,0.46587828342524057
model_82,c_11,m_2,c_11,c_12,0.9088813767670559,0.3178722439923386
model_83,c_11,c_6,c_2,m_1,0.8751920712968654,0.47244116249960777
model_84,c_12,c_3,c_8,m_2,0.8720805162876459,0.42207191177010167
model_85,m_2,c_3,c_1,c_6,0.8683927473878303,0.45200295093313053
model_86,c_12,c_8,c_9,c_1,0.8854486785494776,0.40146966477296214
model_87,c_10,m_1,m_2,c_6,0.8718500307314075,0.49049039718997794
model_88,c_6,c_9,c_1,c_4,0.866318377381684,0.5137945272912258
model_89,c_4,c_12,c_2,c_8,0.885179778733866,0.39025648686973025
model_90,m_3,s,-,-,0.7463890596189305,0.8509175040528462
model_91,c_1,c_3,m_2,c_2,0.880301167793485,0.46508797697297033
model_92,c_12,m_2,c_5,c_7,0.888521819299324,0.38258519908613636
model_93,c_10,c_7,m_2,m_2,0.8733866011063307,0.46521925479265247
model_94,c_3,c_5,c_1,c_3,0.8740012292563,0.46020185742263936
model_95,c_3,c_3,c_3,c_3,0.8816456668715427,0.4135454443032088
model_96,m_2,c_5,c_2,c_11,0.862861094038107,0.4681568533301207
model_97,c_9,c_12,c_9,c_9,0.8889827904118008,0.3823691099176908
model_98,c_9,c_7,m_3,c_9,0.9041948371235402,0.36563906926242723
model_99,s,-,-,-,0.7889520590043024,0.7421170536110426
model_100,c_11,c_1,c_10,c_10,0.8702750460971113,0.45520938130595895
model_101,c_12,c_4,c_4,c_12,0.8610940381069453,0.5498759963612067
model_102,c_1,c_2,c_10,m_2,0.8665488629379225,0.44757727521672597
model_103,c_7,m_1,c_1,m_1,0.845459434542102,0.5713891260412916
model_104,c_10,c_8,s,-,0.852181929932391,0.5144526272847305
model_105,c_4,c_8,s,-,0.8505301167793485,0.5092090049915395
model_106,c_7,c_12,c_1,c_12,0.8721573448063922,0.45132330713476515
model_107,c_1,c_7,m_3,m_2,0.8554471419791027,0.5170758465956381
model_108,c_8,m_3,c_8,c_5,0.8958973570989551,0.3620329457618521
model_109,c_4,c_3,c_8,c_3,0.8652043638598648,0.4539458255553143
model_110,c_2,c_9,c_11,s,0.8653580208973571,0.4891695046285654
model_111,c_3,m_2,c_2,c_6,0.9000845113706207,0.34798732393758386
model_112,c_4,c_12,c_8,c_3,0.8812615242778119,0.4249930620907858
model_113,c_12,m_1,s,-,0.837661339889367,0.5560007412227005
model_114,c_10,c_5,c_4,c_4,0.8753841425937308,0.4439280283418109
model_115,c_6,c_12,m_2,s,0.8723878303626306,0.4717065239143137
model_116,c_12,c_1,c_5,m_1,0.8655500921942225,0.4745183599530075
model_117,c_6,c_4,c_12,m_2,0.8788030116779348,0.4182111358049096
model_118,c_4,c_6,m_1,c_5,0.858520282728949,0.5661063466470668
model_119,c_5,c_8,c_5,s,0.8453826060233559,0.5680612986741362
model_120,c_12,m_1,c_11,c_1,0.8950138291333744,0.35941429258528557
model_121,m_2,c_12,c_9,m_3,0.8686232329440688,0.4390485717536631
model_122,c_12,m_1,c_8,c_7,0.8850261216963737,0.40978640752953843
model_123,c_10,m_1,m_3,c_4,0.8182237246465888,0.6312272155218939
model_124,c_2,c_1,c_10,c_7,0.8679701905347265,0.4527389633056571
model_125,c_3,c_6,c_3,m_3,0.8896742470805162,0.38893945688254716
model_126,m_1,m_3,c_8,c_11,0.6910725261216963,0.9887670334600274
model_127,c_2,c_2,c_4,c_2,0.8441533497234174,0.5177392675904826
model_128,c_9,c_4,c_9,c_3,0.8915949600491703,0.38315398396710054
model_129,c_7,s,-,-,0.8219883220651506,0.6258698910859442
model_130,c_5,c_2,c_12,s,0.8649354640442533,0.469274972314181
model_131,c_3,c_4,m_1,m_1,0.8602873386601106,0.5514367392221403
model_132,c_5,c_4,c_8,m_1,0.8627074370006146,0.4630792826670551
model_133,c_9,c_10,c_6,c_7,0.8780347264904733,0.4035135588225735
model_134,c_4,c_12,c_5,c_1,0.880838967424708,0.41592100932140913
model_135,c_6,m_1,c_6,c_7,0.8862937922556853,0.4029813486013445
model_136,c_4,c_8,c_4,c_6,0.8705439459127228,0.4926542233819967
model_137,c_10,c_5,c_5,m_2,0.879340811309158,0.4346143725135243
model_138,c_7,c_4,m_1,c_12,0.8878303626306084,0.47294648636427844
model_139,c_9,c_12,s,-,0.864320835894284,0.4628826286357535
model_140,c_4,c_2,c_11,c_6,0.8738859864781807,0.435678192288984
model_141,c_7,c_12,c_1,c_7,0.8738859864781807,0.4337907645991043
model_142,c_7,c_1,m_3,c_7,0.8718884449907806,0.4589946024811334
model_143,c_4,m_3,c_6,c_4,0.8765365703749232,0.42895060881157193
model_144,c_6,c_1,c_2,c_10,0.853680086047941,0.4972858467146745
model_145,c_10,c_12,m_1,m_3,0.8791487400122926,0.42290619513009614
model_146,c_11,c_3,c_3,m_3,0.8854870928088506,0.4198923951453348
model_147,c_4,c_11,c_10,s,0.8607098955132145,0.4818131078696353
model_148,c_8,c_12,c_9,c_9,0.889520590043024,0.3752333448527778
model_149,c_10,c_1,c_12,c_1,0.8830669944683467,0.3885745294163142
model_150,c_4,c_4,c_8,c_1,0.8714658881376767,0.47266787717367287
model_151,c_10,c_9,m_2,c_4,0.883720036877689,0.5364752734777161
model_152,c_5,c_4,c_8,c_7,0.8627842655193608,0.47008981899608476
model_153,c_4,m_1,c_2,c_7,0.8723494161032576,0.42715495900372896
model_154,c_6,c_9,m_3,m_2,0.8896742470805162,0.45578868717376486
model_155,c_3,c_9,c_3,c_9,0.8935540872771973,0.4043137498735722
model_156,c_4,c_6,s,-,0.8560617701290719,0.4896300055988742
model_157,c_4,c_8,c_4,c_2,0.8575983405039951,0.5354018589068427
model_158,c_8,c_11,c_10,c_12,0.8806468961278426,0.42736057481501244
model_159,c_11,c_4,c_6,c_2,0.844460663798402,0.5229033028687446
model_160,c_6,c_12,c_11,c_5,0.8795328826060234,0.4178017795259922
model_161,c_9,c_12,m_3,c_1,0.8952827289489859,0.40403290529813807
model_162,c_6,c_6,c_11,c_5,0.8744237861094039,0.42719232178789457
model_163,c_6,c_11,s,-,0.8562538414259373,0.513811289302469
model_164,c_10,c_5,c_12,c_2,0.8678165334972342,0.43676762877246245
model_165,c_2,c_3,c_3,c_4,0.866279963122311,0.4774824864910509
model_166,c_6,c_10,c_12,c_7,0.8718116164720344,0.4339718044894051
model_167,c_10,c_3,m_3,c_10,0.8863322065150584,0.49753842578391466
model_168,c_8,c_1,c_1,c_7,0.8560233558696988,0.5006941040747724
model_169,c_8,c_7,c_1,c_1,0.8689305470190535,0.45388918018773355
model_170,c_1,c_6,c_7,c_3,0.8819913952059004,0.4180782538207308
model_171,c_2,c_5,c_11,c_2,0.8561770129071912,0.47790565693862025
model_172,c_2,c_9,c_7,m_3,0.8882145052243393,0.3802198447566422
model_173,c_2,c_3,c_11,c_1,0.8835279655808236,0.4141547711452752
model_174,c_3,c_2,c_10,c_3,0.8702366318377381,0.45425160283242255
model_175,c_1,c_5,c_10,c_4,0.8684695759065765,0.4552510886624245
model_176,c_8,c_8,c_7,c_10,0.8678549477566072,0.4396910031990691
model_177,c_4,m_2,c_2,c_4,0.8824907805777504,0.3991782257279591
model_178,c_7,c_3,c_5,c_5,0.864359250153657,0.48313048628479993
model_179,c_12,c_6,c_4,m_3,0.8852566072526121,0.3805964140756114
model_180,c_1,m_2,c_8,c_9,0.8783036263060848,0.412512139690274
model_181,c_3,c_12,c_6,c_2,0.8545251997541488,0.5109612031827767
model_182,m_3,c_3,c_3,c_10,0.8694299323909035,0.439605065546449
model_183,c_6,c_6,c_7,m_2,0.8695835894283959,0.4933293338890228
model_184,c_6,c_4,c_12,c_9,0.8773816840811309,0.45076264359501145
model_185,c_7,c_6,c_10,c_8,0.8607098955132145,0.49640364482879784
model_186,c_4,c_6,c_6,c_10,0.8619775660725261,0.4841098887428009
model_187,c_1,c_6,c_3,c_3,0.8622848801475107,0.46189676151458076
model_188,c_8,m_3,c_11,s,0.8808773816840811,0.4460181761910817
model_189,c_8,c_12,c_10,c_6,0.8794176398279041,0.4286294046425351
model_190,c_2,c_5,m_2,c_3,0.8847956361401352,0.43261674505365943
model_191,c_5,c_2,c_10,c_9,0.8801090964966195,0.4673951220387832
model_192,c_7,m_1,c_10,c_3,0.8839889366933006,0.4081639136567245
model_193,c_2,c_1,c_3,m_3,0.8832590657652121,0.40367502059281496
model_194,c_4,c_2,c_4,c_12,0.8555239704978488,0.48465009946799675
model_195,c_5,m_3,c_7,c_6,0.8929010448678549,0.3610482600476929
model_196,c_4,c_7,c_3,c_10,0.8674323909035033,0.45811268184437076
model_197,c_1,c_9,c_8,c_4,0.8588660110633067,0.4938572445711477
model_198,c_7,m_3,c_7,c_12,0.8945912722802705,0.3611570188905025
model_199,c_11,c_1,c_8,c_5,0.8844883220651506,0.39632842782484146
model_200,c_6,c_7,c_11,c_12,0.8802627535341119,0.4410464452154884
model_201,c_10,c_3,c_1,c_1,0.8534880147510756,0.4883905530855124
model_202,c_8,m_3,c_10,s,0.8821834665027658,0.4340095008507637
model_203,c_3,c_6,m_3,c_6,0.8976259987707437,0.37055570576809344
model_204,c_1,c_2,c_4,c_9,0.870659188690842,0.44189693209541747
model_205,c_9,c_11,c_7,c_8,0.8713890596189305,0.4405181020287626
model_206,c_2,c_7,c_2,m_2,0.8733481868469576,0.42847846177324755
model_207,c_6,c_2,c_12,c_8,0.8710049170251998,0.5358580982274781
model_208,c_5,c_9,c_5,c_1,0.8781499692685925,0.41204498819983953
model_209,c_12,c_10,c_7,c_4,0.8633220651505839,0.4698496983142154
model_210,c_11,c_4,c_8,s,0.8597111247695144,0.4813226029212737
model_211,c_8,c_12,c_12,c_12,0.8888675476336816,0.4039209987910965
model_212,c_10,c_7,c_2,c_2,0.8656269207129687,0.5077765959497603
model_213,c_1,c_1,c_1,c_1,0.8329363859864782,0.6254609134677882
model_214,c_5,c_9,c_3,c_8,0.8672019053472649,0.5568958365191838
model_215,c_6,c_2,c_5,c_10,0.8594038106945298,0.5325679366603338
model_216,c_2,c_8,c_2,c_2,0.8858712354025814,0.38980975409153423
model_217,c_11,c_1,c_1,c_5,0.8667025199754149,0.46172922787376175
model_218,c_1,m_2,c_9,m_1,0.8480716041794715,0.5222995432703936
model_219,m_3,c_5,s,-,0.811040258143823,0.6650952500255106
model_220,c_12,c_11,m_2,c_9,0.9000845113706207,0.37064372174803584
model_221,c_1,m_1,c_11,m_1,0.8537569145666871,0.6942074874572836
model_222,c_1,c_1,m_2,c_3,0.8634373079287031,0.47451338353300654
model_223,c_7,c_8,c_2,c_11,0.8485709895513215,0.5785529451432152
model_224,c_3,c_1,c_11,c_3,0.8660110633066994,0.4424671387665097
model_225,c_9,c_6,c_4,c_3,0.8589044253226797,0.48677952191033974
model_226,c_1,c_2,c_7,c_6,0.869660417947142,0.44079986361176526
model_227,c_9,c_4,c_9,c_6,0.8736555009219422,0.4788458658349096
model_228,c_7,c_8,c_7,c_7,0.8800706822372465,0.4165003002697365
model_229,c_3,m_3,c_6,c_1,0.8886370620774432,0.379837720519242
model_230,c_9,m_1,c_8,c_5,0.8860633066994469,0.3918972632675429
model_231,c_4,c_3,c_9,c_11,0.8648970497848801,0.44899465939569266
model_232,c_1,c_2,c_2,m_3,0.8778042409342348,0.43599063240463337
model_233,c_8,c_4,c_4,c_4,0.8525660725261217,0.524291557571825
model_234,m_3,c_9,c_7,c_2,0.8601720958819914,0.47245682328115157
model_235,c_3,c_11,c_12,s,0.8760371850030731,0.4504949825265764
model_236,c_1,c_8,c_4,c_6,0.8657037492317148,0.4664270683124744
model_237,c_1,c_9,m_2,m_3,0.879379225568531,0.42868655916365217
model_238,c_3,c_10,c_5,m_1,0.8632452366318377,0.5371986958206836
model_239,c_10,c_5,c_4,c_2,0.8640903503380455,0.46179642816335786
model_240,c_12,c_6,c_6,c_8,0.8885986478180701,0.38036633331898756
model_241,c_12,c_7,c_11,c_6,0.884219422249539,0.4482178724042902
model_242,c_11,c_10,m_2,m_3,0.885640749846343,0.5256994361516956
model_243,c_12,c_4,c_5,c_9,0.8633220651505839,0.4833237002337536
model_244,c_12,c_5,c_7,c_3,0.8510679164105716,0.5557524014193366
model_245,c_6,m_2,c_2,c_11,0.9010832821143209,0.3400514634130334
model_246,c_3,m_1,c_1,c_12,0.8922095881991395,0.36493744379219717
model_247,c_8,c_6,c_9,c_6,0.8676628764597418,0.4638804383598813
model_248,c_9,c_4,c_5,c_4,0.8709280885064536,0.4285889249146168
model_249,c_11,c_4,m_3,c_9,0.9085740626920713,0.3245460446179829
model_250,c_7,c_12,c_2,c_7,0.8694683466502766,0.4525125579932532
model_251,c_4,m_1,c_6,m_1,0.8417716656422864,0.5483869927092132
model_252,c_5,c_8,c_6,c_2,0.86240012292563,0.4582929951038621
model_253,c_5,m_2,c_6,c_5,0.8977028272894899,0.3762258765984329
model_254,c_4,c_5,c_11,c_9,0.8756914566687154,0.42253919078590096
model_255,c_11,c_8,c_9,c_5,0.8928242163491088,0.3718851635412307
model_256,c_2,c_10,c_9,c_10,0.8825291948371236,0.4250198825781669
model_257,c_5,m_2,c_7,c_12,0.8978948985863553,0.35693355931567866
model_258,c_7,c_10,c_12,c_11,0.8823755377996312,0.3958810935416285
model_259,c_12,c_12,c_5,c_1,0.8923632452366318,0.37862187172455075
model_260,c_1,c_1,c_12,c_9,0.8654732636754764,0.5205850001852719
model_261,c_9,c_8,c_12,c_12,0.880838967424708,0.4269355146744424
model_262,c_2,m_3,c_6,c_11,0.8975875845113707,0.3520227222375402
model_263,c_9,c_12,c_1,c_3,0.8859096496619545,0.38880449247711923
model_264,c_2,c_1,c_2,c_12,0.8804932390903504,0.4522737602405044
model_265,c_3,c_12,m_2,m_1,0.8834511370620775,0.40110157291876003
model_266,c_9,c_11,c_10,m_3,0.8875230485556238,0.5116349727959448
model_267,c_7,c_5,c_7,c_10,0.8748463429625076,0.4411117836704779
model_268,c_12,c_1,c_7,c_5,0.8585586969883221,0.5578078018900948
model_269,c_8,c_10,c_6,m_1,0.8679317762753535,0.46504846919550075
model_270,c_1,c_8,m_2,c_2,0.8838352796558082,0.47443746955356647
model_271,c_9,c_2,c_5,c_11,0.871120159803319,0.44615996104665673
model_272,c_4,m_3,c_8,c_12,0.8983558696988322,0.3608129476577721
model_273,c_2,c_9,c_2,s,0.8494161032575291,0.5313576955552034
model_274,c_2,s,-,-,0.8341272280270436,0.5807248447101836
model_275,c_4,c_7,c_7,c_12,0.8748079287031346,0.4269267714639053
model_276,c_11,c_4,c_10,m_3,0.8856023355869699,0.4526252719838706
model_277,c_5,c_2,c_1,s,0.8528349723417332,0.5148744690927466
model_278,c_6,c_8,m_1,c_9,0.8940918869084205,0.4012296326188273
model_279,c_3,c_8,c_6,c_5,0.8905961893054702,0.4109673239038851
model_280,c_11,c_4,c_12,c_6,0.8940150583896742,0.36608463477803543
model_281,c_4,c_5,c_3,c_8,0.8760371850030731,0.4166902646230054
model_282,c_8,c_6,m_2,c_12,0.9069222495390289,0.4095430576369011
model_283,c_4,c_1,c_8,c_6,0.8672787338660111,0.4520795603580979
model_284,c_10,c_8,c_3,c_8,0.8802627535341119,0.401420559617333
model_285,c_7,c_2,c_6,c_9,0.8706976029502151,0.4427038094265811
model_286,c_10,c_4,c_4,s,0.8601720958819914,0.46599878866246086
model_287,c_11,c_4,c_12,c_2,0.8665104486785494,0.46495517804421893
model_288,c_6,c_1,c_5,c_6,0.8821450522433928,0.4107929030026881
model_289,c_1,c_8,s,-,0.8437307928703135,0.5404955373588118
model_290,c_5,c_7,c_1,c_12,0.861478180700676,0.4867135445142569
model_291,c_3,c_5,c_10,c_3,0.8742701290719115,0.4600038979415448
model_292,c_6,c_1,m_1,c_11,0.8612476951444377,0.5303723575626331
model_293,c_8,c_3,m_3,s,0.8769975414874002,0.41468942835331696
model_294,c_11,c_10,m_3,c_2,0.9025430239704979,0.3569205902109281
model_295,c_9,c_12,c_4,c_2,0.8794944683466502,0.43303250412891153
model_296,c_11,c_7,c_3,m_1,0.8701982175783651,0.4415703852647788
model_297,c_8,c_11,c_10,s,0.8707360172095882,0.48620097940878115
model_298,c_2,c_12,c_4,c_6,0.8727719729563614,0.4471615591734996
model_299,c_11,c_2,m_3,c_10,0.8811078672403196,0.4379470390304877
model_300,c_10,c_11,c_4,c_8,0.8635141364474493,0.45249092412200087
model_301,c_7,c_6,c_2,c_4,0.8732713583282115,0.4995274429187206
model_302,c_12,c_3,c_3,c_8,0.8823755377996312,0.4083842269219939
model_303,c_8,c_5,c_10,c_8,0.8544867854947756,0.4847767539116306
model_304,c_2,m_2,c_11,c_1,0.883720036877689,0.40519123013373454
model_305,c_3,c_11,c_4,c_9,0.8766518131530424,0.43818842051819784
model_306,c_8,c_8,c_5,c_11,0.8517593730792871,0.4843921678503672
model_307,c_10,c_9,c_3,c_2,0.8734634296250768,0.45967256837852466
model_308,c_11,c_1,c_5,c_8,0.8651275353411186,0.4518366590847468
model_309,c_8,c_5,c_10,m_3,0.8776889981561156,0.41993721729784417
model_310,c_9,c_12,c_11,m_1,0.8824523663183774,0.40344010888339554
model_311,c_9,c_9,c_12,c_8,0.9025814382298709,0.3631748154475488
model_312,c_4,c_12,c_7,c_1,0.8623617086662569,0.4786425162640245
model_313,c_8,m_2,c_1,c_7,0.8830285802089736,0.40080573617239706
model_314,m_3,c_9,c_1,c_10,0.869698832206515,0.4370171436061138
model_315,c_2,m_2,c_6,m_2,0.8599416103257529,0.48671859718937044
model_316,c_4,c_8,c_3,s,0.8644360786724032,0.4756677218271533
model_317,c_10,c_11,c_5,m_1,0.8675092194222496,0.45566321151089506
model_318,c_8,c_5,c_1,c_6,0.8643976644130301,0.4626551948043563
model_319,c_8,c_5,c_6,m_3,0.8874078057775046,0.4295820881599433
model_320,c_3,c_4,c_4,c_9,0.8769975414874002,0.4285849853388429
model_321,c_7,c_9,c_8,m_2,0.8554855562384758,0.6382363762273771
model_322,c_3,c_4,c_8,c_4,0.8559465273509527,0.48363093989222933
model_323,c_9,c_8,c_7,c_7,0.8600568531038721,0.49243200217278077
model_324,c_11,m_2,c_7,c_3,0.8928626306084819,0.3718404499098393
model_325,c_10,c_1,s,-,0.8375460971112477,0.5479081422456877
model_326,c_12,c_3,c_6,c_2,0.8922864167178857,0.4329694639009864
model_327,c_8,m_3,c_6,c_2,0.8973570989551322,0.3515328707834036
model_328,c_4,c_4,c_6,s,0.8566763982790412,0.5365572368065565
model_329,c_9,c_10,c_8,c_8,0.8719652735095267,0.48379656718271086
model_330,c_9,m_1,c_12,c_2,0.8950138291333744,0.3726423039263058
model_331,c_7,c_11,c_9,m_3,0.8849492931776275,0.5099869172816344
model_332,c_7,c_6,c_1,c_9,0.8576367547633682,0.5211760846837283
model_333,c_9,c_8,c_3,c_3,0.8906346035648433,0.3854440262228635
model_334,c_11,c_7,c_7,c_2,0.8743469575906576,0.4387446326588881
model_335,c_5,c_8,c_3,c_4,0.8695067609096496,0.4962777413322505
model_336,c_7,c_9,c_12,m_2,0.8841425937307928,0.40734286617989107
model_337,c_7,c_7,c_3,c_4,0.8678933620159803,0.43671335478684764
model_338,c_12,m_2,c_5,c_4,0.8881376767055931,0.39894271160681405
model_339,c_1,c_5,c_8,c_2,0.8565227412415488,0.5065250837306486
model_340,c_10,c_5,c_5,c_5,0.8645129071911494,0.5266318152342094
model_341,c_9,c_1,m_3,c_8,0.9015442532267978,0.4102205845407716
model_342,c_4,c_7,m_3,c_11,0.8932467732022127,0.3685431448901879
model_343,c_10,c_8,m_1,m_1,0.8633988936693301,0.49476271956591206
model_344,c_7,c_11,c_3,c_3,0.8716963736939152,0.45776179293657127
model_345,c_10,c_1,c_9,c_1,0.8535264290104487,0.5144616831426029
model_346,c_5,c_11,c_2,c_8,0.8572526121696373,0.4891934293678881
model_347,c_9,m_3,c_2,c_7,0.8895974185617701,0.37850308309743647
model_348,c_12,c_4,c_5,c_10,0.8690073755377996,0.4461894073073089
model_349,c_2,c_5,c_7,m_1,0.8574062692071297,0.48030331171247664
model_350,c_2,c_1,c_5,c_11,0.8592885679164106,0.4854903440114246
model_351,c_4,m_1,m_2,c_3,0.8518746158574063,0.5405165442639358
model_352,c_3,c_6,c_1,c_10,0.8596342962507683,0.47435982484134637
model_353,c_11,c_1,c_10,c_8,0.8641671788567916,0.45900930834278125
model_354,c_2,c_12,c_2,c_5,0.8753073140749846,0.44479384046613474
model_355,c_4,c_9,c_3,c_2,0.8774585125998771,0.4203511122534007
model_356,c_9,c_7,c_8,c_3,0.878841425937308,0.42967481006305497
model_357,c_12,c_5,c_11,c_3,0.8760755992624463,0.5037182835288478
model_358,c_8,c_2,c_8,c_12,0.8844499078057775,0.4033047667193354
model_359,c_3,c_6,m_3,c_11,0.9018899815611555,0.36922016371666616
model_360,c_10,c_10,c_5,c_3,0.8621696373693916,0.4614443093098668
model_361,m_1,c_3,m_3,c_12,0.8488783036263061,0.5122996286592677
model_362,c_7,c_5,c_10,m_1,0.857559926244622,0.49989436883719773
model_363,c_11,c_11,c_7,c_7,0.869161032575292,0.4550326271618006
model_364,c_11,c_4,s,-,0.8481868469575906,0.5128634677720202
model_365,c_10,m_3,c_1,m_1,0.824638905961893,0.611483696731381
model_366,c_8,c_4,c_9,m_1,0.8669330055316533,0.4560518743494353
model_367,c_7,c_2,m_3,c_2,0.8890980331899201,0.39846141082271885
model_368,c_12,c_9,m_3,m_1,0.8794176398279041,0.4592497927796716
model_369,c_7,c_9,c_4,c_9,0.8731945298094653,0.42096546401293206
model_370,c_7,c_5,m_1,c_10,0.8423094652735095,0.7186223698600201
model_371,c_8,c_2,c_11,c_6,0.8717732022126613,0.45068940376953326
model_372,c_1,m_3,c_10,m_3,0.7844960049170252,0.7144182878326036
model_373,c_3,c_2,m_2,s,0.8710433312845728,0.44422800389256445
model_374,c_10,c_4,m_1,c_9,0.8894437615242778,0.45397506697308304
model_375,c_2,m_3,c_5,c_6,0.889059618930547,0.38143043266752413
model_376,c_11,c_8,c_7,m_1,0.865319606637984,0.463369096450155
model_377,c_9,c_7,c_1,c_3,0.8675860479409957,0.4850782855804815
model_378,m_3,c_7,m_1,c_10,0.8214889366933006,0.6093659971342105
model_379,c_6,c_5,c_11,c_8,0.8657037492317148,0.44090797466849285
model_380,c_12,c_12,c_7,c_9,0.8768054701905347,0.4785306908890889
model_381,c_5,c_3,c_7,c_8,0.8701982175783651,0.4505718420474311
model_382,c_11,c_9,c_5,c_12,0.869660417947142,0.4500117490655378
model_383,c_2,m_2,c_1,c_2,0.8841425937307928,0.4459231369925483
model_384,c_10,c_4,m_1,c_8,0.8314382298709281,0.641651231266636
model_385,c_5,m_1,c_3,c_2,0.8828365089121082,0.4223578427405942
model_386,c_5,c_9,c_2,c_7,0.8740012292563,0.4413440732700955
model_387,c_4,c_9,c_8,m_3,0.889059618930547,0.37160805005582476
model_388,c_3,c_2,c_5,c_1,0.8626306084818685,0.46458889633307227
model_389,c_4,c_9,c_12,s,0.8655885064535955,0.46337504247140504
model_390,c_3,m_2,c_9,c_9,0.9094960049170252,0.3446023065480046
model_391,m_1,c_4,m_1,c_9,0.8562922556853104,0.4956729672643108
model_392,c_6,c_7,m_2,c_5,0.8833743085433313,0.4505889360972101
model_393,c_4,c_12,m_3,c_10,0.897280270436386,0.40705970333592617
model_394,c_6,c_11,c_7,c_8,0.8762676705593117,0.43008316187823414
model_395,c_6,c_12,c_5,m_3,0.890480946527351,0.3838199465532719
model_396,c_4,c_11,c_2,c_4,0.8704671173939766,0.4886657270959498
model_397,c_12,c_11,c_12,c_8,0.8808773816840811,0.43593140149783266
model_398,c_1,c_9,c_1,c_1,0.8672787338660111,0.4612229987566795
model_399,c_6,c_4,c_2,c_5,0.8746542716656422,0.4322873263470439
model_400,c_10,c_12,c_11,c_9,0.8955132145052244,0.3652292248743146
model_401,c_11,c_2,c_1,c_7,0.8595958819913952,0.6133115687799658
model_402,c_4,c_11,c_1,c_11,0.8537569145666871,0.5038729875583772
model_403,c_6,c_5,c_12,c_8,0.8604025814382299,0.4665751516608351
model_404,c_2,c_4,c_2,c_2,0.8784188690842041,0.42887522707010384
model_405,c_8,c_10,c_12,m_2,0.8801859250153657,0.4057685201180516
model_406,c_7,c_9,c_12,c_6,0.8735786724031961,0.4824353207656043
model_407,c_8,c_9,c_3,c_8,0.8768822987092809,0.41783425786155237
model_408,c_5,c_10,c_3,c_1,0.837661339889367,0.5367746766022399
model_409,c_11,c_8,c_12,m_2,0.8814920098340504,0.40770039585611906
model_410,c_12,c_11,c_4,c_2,0.866779348494161,0.5209735424590389
model_411,c_9,m_2,m_2,c_6,0.8781499692685925,0.4929018743798714
model_412,c_10,c_12,c_6,m_2,0.8728488014751076,0.45206879738766353
model_413,c_8,c_6,c_1,c_11,0.8568300553165334,0.483382874093469
model_414,c_9,c_12,c_11,c_9,0.8854870928088506,0.5228231724010484
model_415,c_12,c_11,c_1,c_11,0.8747695144437615,0.4369072365564808
model_416,c_3,m_1,c_10,c_4,0.8710433312845728,0.42897996931498816
model_417,c_5,m_1,c_1,c_12,0.8804932390903504,0.4094930360094858
model_418,c_11,c_11,m_2,m_3,0.8844883220651506,0.44106490809307847
model_419,c_6,c_3,c_1,c_2,0.8793023970497849,0.4177613313130682
model_420,c_6,c_12,c_2,c_8,0.8687768899815611,0.44354482240558185
model_421,c_8,m_1,c_7,c_7,0.8740780577750461,0.4279970239479262
model_422,c_12,m_3,m_3,c_1,0.8190304240934235,0.6243207628879359
model_423,c_11,s,-,-,0.8234864781807006,0.6418482036808919
model_424,c_11,m_3,c_10,m_2,0.8541026429010449,0.501029033985472
model_425,c_10,c_12,c_10,c_10,0.8831822372464659,0.42669654512559263
model_426,c_8,m_1,c_11,c_3,0.8878687768899816,0.3836418005060256
model_427,c_12,c_6,c_1,c_10,0.8811846957590658,0.4128727159247068
model_428,c_2,m_1,m_1,c_2,0.8605946527350953,0.526101062817301
model_429,c_7,c_3,c_8,c_7,0.8682775046097111,0.4552375200927514
model_430,c_12,c_9,c_10,m_3,0.8913644744929318,0.37462743346080796
model_431,c_12,c_6,c_11,c_2,0.878841425937308,0.4129495470983233
model_432,c_7,m_3,c_2,m_2,0.8337814996926859,0.5456573426558624
model_433,c_7,c_9,c_6,c_2,0.8741548862937922,0.42999723538087786
model_434,c_3,c_11,s,-,0.8593269821757836,0.48878887880962174
model_435,c_9,c_8,m_3,c_5,0.9018515673017824,0.3464601701211365
model_436,c_2,c_9,c_9,m_3,0.8811846957590658,0.40082889910702624
model_437,c_8,m_3,c_5,c_10,0.8916717885679164,0.37342714263010623
model_438,c_7,c_8,c_2,m_2,0.8742701290719115,0.44001721025209306
model_439,c_7,c_8,c_8,c_11,0.8780731407498463,0.4110474434544429
model_440,c_10,c_10,c_1,m_1,0.8597111247695144,0.48678940541918614
model_441,c_10,c_9,c_3,c_6,0.8900583896742471,0.3841288383196085
model_442,c_11,c_11,c_3,c_6,0.8861017209588199,0.3878488051393095
model_443,c_8,c_1,c_2,s,0.852719729563614,0.49917898586760584
model_444,c_7,c_9,m_3,c_5,0.8987784265519361,0.3809584834794362
model_445,c_5,c_6,c_9,c_9,0.8796481253841426,0.43699702999675355
model_446,c_10,c_9,c_1,c_4,0.8832974800245851,0.40021343545252075
model_447,c_8,c_5,c_10,c_12,0.8723494161032576,0.43452835042709653
model_448,c_9,m_1,c_8,c_3,0.8935540872771973,0.367665176344526
model_449,c_8,c_9,c_7,c_7,0.8635909649661955,0.476425162673949
model_450,c_10,c_9,c_2,c_2,0.8765365703749232,0.4420138402958186
model_451,c_6,m_1,m_1,m_1,0.7861478180700676,0.8236923389956492
model_452,c_10,c_4,c_2,c_11,0.8814151813153043,0.41055137425954163
model_453,c_5,c_1,c_10,c_8,0.8680086047940996,0.4704892952327136
model_454,c_2,c_11,c_11,m_1,0.8736555009219422,0.42432426544479895
model_455,c_8,c_6,c_7,s,0.8668945912722803,0.4851979616509674
model_456,c_8,c_7,s,-,0.8366241548862938,0.5487670870778307
model_457,c_1,c_6,c_11,c_12,0.8836432083589428,0.39401892330394467
model_458,c_11,c_5,s,-,0.8497234173325138,0.5228413424209063
model_459,c_7,c_4,c_9,c_12,0.8814535955746773,0.4079618071559095
model_460,c_5,c_11,c_4,c_10,0.8521051014136447,0.5407213142076445
model_461,c_12,c_1,c_8,c_12,0.8652811923786109,0.4675794232822153
model_462,c_1,c_9,c_11,c_8,0.8866779348494161,0.4064396288344372
model_463,c_1,c_8,c_12,c_3,0.8779578979717271,0.5051933532121655
model_464,c_6,c_9,c_9,c_10,0.8786109403810695,0.49582554421032143
model_465,c_2,c_5,c_11,m_2,0.8779963122311002,0.4319055379261323
model_466,c_3,m_1,c_10,c_6,0.8759987707437,0.4519007618103426
model_467,c_8,c_12,c_8,c_6,0.883220651505839,0.41383227582771354
model_468,c_5,c_3,m_1,s,0.8585586969883221,0.48099335468504134
model_469,c_7,c_6,m_2,c_5,0.8873309772587584,0.41838356880007455
model_470,c_4,c_11,m_1,m_2,0.8733481868469576,0.4592461536633287
model_471,c_1,c_7,c_7,c_9,0.8812615242778119,0.42996304674095803
model_472,c_5,c_9,c_8,m_3,0.8776121696373694,0.414822458836222
model_473,c_6,m_1,c_7,s,0.8582129686539643,0.5495122444724919
model_474,c_11,c_5,c_5,m_3,0.8876382913337431,0.3845372593468805
model_475,c_12,c_5,m_1,c_3,0.8963967424708051,0.4105469761319005
model_476,c_2,c_10,c_11,c_7,0.8821834665027658,0.4007143995231767
model_477,c_5,c_8,m_1,c_11,0.8838352796558082,0.5196250499247332
model_478,c_8,c_8,c_5,c_10,0.8698909035033805,0.4376057366432408
model_479,c_10,c_6,c_8,m_2,0.8812231100184389,0.42107362506685625
model_480,c_10,c_1,c_5,c_9,0.8704287031346035,0.4920776892583943
model_481,c_12,c_11,m_2,c_10,0.8779194837123541,0.5236102088727171
model_482,c_11,m_3,c_11,c_12,0.9127228027043639,0.3076862935240128
model_483,c_1,m_1,c_3,c_5,0.8565227412415488,0.46968619873462164
model_484,c_11,c_9,c_9,c_1,0.8892516902274125,0.3894277363008125
model_485,c_1,c_6,c_5,c_4,0.8565611555009219,0.49296209206959185
model_486,c_8,c_4,c_12,m_3,0.8899815611555009,0.41784792860996234
model_487,c_7,c_1,c_10,m_3,0.876459741856177,0.4381622592217364
model_1001,c_12,c_9,c_2,c_2,0.8715427166564229,0.5557757729976984
model_1002,c_8,c_1,s,-,0.8419637369391518,0.5689599084374212
model_1003,c_11,c_11,c_7,s,0.866318377381684,0.44307397797328235
model_1004,c_4,c_8,c_12,c_1,0.8761524277811924,0.418260680966093
model_1005,c_5,c_4,c_3,c_8,0.8673171481253842,0.4561622996471671
model_1006,c_10,c_1,c_1,c_4,0.8570221266133989,0.4876687743213914
model_1007,c_3,c_7,m_2,m_2,0.8719652735095267,0.4855501850781883
model_1008,c_10,c_3,c_6,c_10,0.8743469575906576,0.43615405477661257
model_1009,c_12,c_2,c_6,c_6,0.8809157959434543,0.4005497231227749
model_1010,c_2,c_5,c_1,c_7,0.8657037492317148,0.4631340162669433
model_1011,c_6,c_10,m_2,c_5,0.8895974185617701,0.4350412487434183
model_1012,c_7,c_5,m_1,s,0.8521435156730178,0.5008541224060721
model_1013,m_1,c_11,c_10,c_1,0.8656653349723418,0.46029218714901765
model_1014,c_11,c_2,c_12,c_11,0.8763829133374309,0.45826417228782845
model_1015,c_6,c_1,s,-,0.8473033189920098,0.5488204045499404
model_1016,c_3,c_2,c_11,c_7,0.8619007375537799,0.5491345542922076
model_1017,c_5,m_2,c_12,c_1,0.8808773816840811,0.4267775942997912
model_1018,c_6,c_2,m_1,c_1,0.8740012292563,0.5035207217906104
model_1019,c_6,m_2,c_4,c_12,0.9018131530424094,0.3408767207174779
model_1020,c_4,c_4,m_1,c_3,0.8704287031346035,0.5054567286626795
model_1021,c_4,c_9,m_2,m_1,0.8678933620159803,0.437046267637169
model_1022,c_12,c_6,m_3,s,0.8871773202212662,0.38694576470303843
model_1023,c_5,c_8,c_2,c_1,0.8629379225568531,0.4768207036119044
model_1024,c_7,c_10,c_6,m_1,0.8678933620159803,0.45620579658546695
model_1025,c_5,m_3,m_2,m_3,0.5212430854333129,1.525921093589628
model_1026,c_6,c_1,c_6,c_5,0.8741164720344192,0.44395732824686635
model_1027,c_1,c_6,m_1,c_4,0.859480639213276,0.5144724452338045
model_1028,c_10,c_6,c_9,c_6,0.8849877074370006,0.4138318442481386
model_1029,c_10,m_2,c_7,c_12,0.8993546404425322,0.37129631028559285
model_1030,c_3,c_11,c_10,c_5,0.8817609096496619,0.42092636203795175
model_1031,c_12,c_7,c_5,s,0.8538337430854334,0.5661685670638421
model_1032,m_3,c_9,s,-,0.8388905961893055,0.5666016811561057
model_1033,c_7,c_8,c_9,c_11,0.8689305470190535,0.4436076273975668
model_1034,m_1,c_6,c_2,c_8,0.8713890596189305,0.42961658934874264
model_1035,c_9,c_5,m_1,c_11,0.8660878918254457,0.5645833472642857
model_1036,c_1,c_4,c_1,c_7,0.8582129686539643,0.4710599122947905
model_1037,c_12,m_2,c_11,s,0.8825676090964967,0.4627178050417364
model_1038,c_12,c_2,c_3,c_4,0.8747695144437615,0.4317189728693502
model_1039,c_6,m_3,c_1,c_3,0.895359557467732,0.3665142488043661
model_1040,c_11,c_6,c_1,c_1,0.8766133988936693,0.4191332019558697
model_1041,c_9,m_1,c_9,c_10,0.8839505224339275,0.3891782753613732
model_1042,c_8,m_3,s,-,0.8454210202827289,0.5395299913001046
model_1043,c_9,c_3,c_3,c_9,0.8916717885679164,0.3811041900628208
model_1044,c_4,c_3,c_11,c_1,0.8687768899815611,0.4874497809583011
model_1045,c_4,c_9,c_4,c_10,0.8490319606637984,0.5086233598290592
model_1046,c_5,c_6,c_12,c_5,0.8831822372464659,0.4116979584409257
model_1047,c_8,m_3,c_7,c_10,0.8921327596803934,0.3897311766737798
model_1048,m_1,c_5,c_6,c_12,0.8894053472649047,0.3784651000833467
model_1049,c_12,m_2,c_1,c_4,0.8835663798401967,0.4063067471067013
model_1050,c_5,c_11,c_4,c_2,0.8569837123540258,0.5236540186346567
model_1051,m_2,c_4,c_5,c_1,0.8498770743700061,0.5114922595760466
model_1052,c_8,c_1,c_12,c_8,0.8894821757836509,0.37298552820157915
model_1053,c_11,c_11,m_2,c_3,0.8990473263675476,0.3941119020712031
model_1054,c_12,c_10,c_6,c_11,0.8805700676090965,0.4130887251070254
model_1055,c_8,c_1,c_7,s,0.8516441303011678,0.49794569824030593
model_1056,c_12,c_12,m_1,c_12,0.8849877074370006,0.5994529864981487
model_1057,c_8,c_1,c_5,c_9,0.8693531038721574,0.4411274236068816
model_1058,c_11,c_11,c_12,m_1,0.8815688383527965,0.3965428190989295
model_1059,c_8,c_5,c_8,c_7,0.8772280270436386,0.4230735113417252
model_1060,c_2,c_11,c_6,c_7,0.8815688383527965,0.4049841721382475
model_1061,c_12,c_12,s,-,0.8698524892440074,0.4778305654263452
model_1062,c_3,c_3,s,-,0.857521511985249,0.49786368772598155
model_1063,c_7,c_9,c_1,c_9,0.8668177627535341,0.44588747943883744
model_1064,c_5,c_10,c_9,c_3,0.8768438844499078,0.42292656965173675
model_1065,c_3,c_12,c_10,m_1,0.8656653349723418,0.506862151078747
model_1066,c_4,m_3,m_3,c_6,0.7329056545789797,0.9063210328371157
model_1067,c_10,c_7,c_5,m_1,0.8648970497848801,0.4826223141368943
model_1068,c_2,c_7,c_9,c_8,0.8539874001229256,0.47651033735414483
model_1069,c_12,m_2,c_12,c_10,0.9015058389674248,0.37463609045388585
model_1070,c_5,m_3,c_4,c_2,0.8834895513214506,0.398710791280318
model_1071,c_6,c_1,c_1,c_2,0.873540258143823,0.43649747345846124
model_1072,c_8,c_11,c_7,c_5,0.8779194837123541,0.42014520058034016
model_1073,c_6,c_12,c_11,c_11,0.8872157344806392,0.4213112910503101
model_1074,c_10,c_12,c_4,c_5,0.8846419791026429,0.4110412078542657
model_1075,c_10,c_1,c_8,c_7,0.8641287645974186,0.49153991245058465
model_1076,c_4,c_6,m_1,c_12,0.8916333743085433,0.4325177093169846
model_1077,c_6,c_12,c_11,c_4,0.8877919483712354,0.47530448585107565
model_1078,c_8,c_3,c_1,m_2,0.868700061462815,0.4385836219487193
model_1079,c_4,c_10,c_4,m_2,0.8731561155500922,0.4413544587520785
model_1080,c_1,c_10,c_10,c_11,0.8697756607252612,0.4326062709065618
model_1081,m_3,c_1,c_2,c_2,0.8485325752919484,0.4939505466304092
model_1082,c_2,c_4,m_1,c_5,0.8693531038721574,0.5387314761718065
model_1083,c_2,c_12,m_2,c_7,0.8898279041180086,0.4105077667806364
model_1084,c_4,c_4,m_2,c_7,0.8577904118008605,0.5432533325871296
model_1085,c_2,c_4,c_9,c_4,0.8394668100799016,0.5521908867520354
model_1086,c_8,c_6,c_2,c_11,0.8806084818684696,0.4144548979881503
model_1087,c_7,c_6,c_6,c_2,0.8693915181315304,0.4595740309331999
model_1088,c_1,c_6,c_12,c_6,0.8794944683466502,0.4134938103715261
model_1089,c_7,c_7,c_12,m_3,0.8819913952059004,0.446038060499322
model_1090,c_11,m_1,c_3,c_1,0.8738475722188076,0.44129533018429146
model_1091,c_11,m_1,c_11,c_6,0.8866011063306699,0.40012504073854743
model_1092,c_9,c_12,c_8,c_12,0.8618239090350338,0.4533961816120162
model_1093,c_10,s,-,-,0.8189151813153043,0.6246414770725394
model_1094,c_12,m_2,m_2,c_12,0.8969729563614014,0.41749261142874905
model_1095,c_2,c_2,m_3,c_8,0.888560233558697,0.4295353517165269
model_1096,c_1,c_1,c_12,m_1,0.8634757221880762,0.4578942222395922
model_1097,c_3,c_9,c_12,c_1,0.8828749231714813,0.4323882110183343
model_1098,c_11,c_10,c_9,c_6,0.8830669944683467,0.40409942999821025
model_1099,c_8,c_9,c_9,c_6,0.8683543331284573,0.4501742322522215
model_1100,c_2,c_5,c_8,m_1,0.8712354025814383,0.46783829737310406
model_1101,c_4,c_1,c_1,c_7,0.8594422249539029,0.47757692339234215
model_1102,c_4,c_5,c_10,c_6,0.852181929932391,0.598913592158759
model_1103,c_1,c_2,m_1,c_9,0.879340811309158,0.45394028959533667
model_1104,c_10,c_10,s,-,0.8400430239704979,0.5485410924861236
model_1105,c_1,m_1,c_12,c_4,0.8759987707437,0.4143490667861887
model_1106,c_10,c_6,m_3,c_8,0.8915181315304241,0.39440770760480803
model_1107,c_1,c_11,m_1,c_4,0.8456899200983405,0.6950700615327199
model_1108,c_5,m_1,c_11,m_2,0.8735786724031961,0.5566144543662713
model_1109,c_4,m_1,c_7,c_10,0.8659726490473264,0.4541834521289977
model_1110,c_6,c_12,c_11,s,0.8721957590657652,0.4375802838892093
model_1111,c_12,c_7,m_1,m_3,0.8821834665027658,0.44786023382914897
model_1112,c_12,c_4,m_2,c_12,0.8700829748002459,0.750860321170066
model_1113,c_9,c_3,c_6,c_1,0.864820221266134,0.45224898315384554
model_1114,c_4,c_1,m_2,c_10,0.8767286416717885,0.5285472006668104
model_1115,c_2,c_3,c_11,c_6,0.8804548248309773,0.41790199716653864
model_1116,c_7,c_4,m_2,c_12,0.8976259987707437,0.4266581082076622
model_1117,c_1,c_5,c_8,m_3,0.8837584511370621,0.3997364808434933
model_1118,c_3,c_12,m_2,c_7,0.8882529194837123,0.4757080642299265
model_1119,c_5,c_7,c_2,c_4,0.8751536570374924,0.42236810068118474
model_1120,c_2,m_3,s,-,0.8415027658266748,0.5218153935802737
model_1121,c_2,c_7,m_2,c_9,0.9024277811923787,0.3814881825527679
model_1122,c_3,c_6,c_8,c_5,0.8817224953902889,0.41800731406778957
model_1123,c_6,m_1,c_5,c_3,0.8892132759680393,0.3948846228361203
model_1124,c_1,c_7,c_9,c_12,0.8873693915181315,0.4033047836995154
model_1125,c_5,c_5,c_8,c_6,0.8799938537185003,0.42132137265667713
model_1126,c_6,c_10,c_12,c_11,0.8830669944683467,0.3893062651670265
model_1127,c_1,c_5,c_8,c_11,0.8802243392747388,0.45143889126121156
model_1128,m_1,c_11,c_3,c_1,0.8603257529194838,0.5581336623148165
model_1129,c_4,c_6,c_8,c_1,0.8752688998156115,0.44144016895363064
model_1130,c_12,c_7,m_1,c_12,0.8991625691456668,0.39906509350653285
model_1131,c_11,c_7,c_6,c_3,0.8620159803318992,0.5241671981955132
model_1132,c_5,c_12,m_1,c_12,0.8854102642901045,0.45075761181999
model_1133,c_5,c_10,m_1,c_1,0.8748463429625076,0.4555100046038701
model_1134,c_12,c_7,c_9,c_5,0.8822218807621389,0.41336998448792456
model_1135,c_8,m_3,c_12,c_2,0.8984711124769514,0.34587139975149056
model_1136,c_1,c_9,c_6,m_3,0.8909419176398279,0.3973251136813196
model_1137,c_5,m_1,c_12,s,0.870159803318992,0.5789169056436073
model_1138,m_3,c_10,m_3,c_9,0.7301782421634911,0.8209522039375938
model_1139,c_8,c_8,c_4,c_3,0.8598263675476336,0.47969580600616313
model_1140,c_12,c_6,m_1,c_3,0.8934388444990781,0.43967410196683565
model_1141,c_12,c_5,s,-,0.8618239090350338,0.47543251549237775
model_1142,m_2,c_7,c_1,c_1,0.8448832206515058,0.5138477963047959
model_1143,c_4,c_12,c_8,c_2,0.8659342347879533,0.47056230591276926
model_1144,c_5,m_3,c_2,m_3,0.8019360786724032,0.6378382966609256
model_1145,c_2,c_8,m_3,c_3,0.8912492317148125,0.3917614778740756
model_1146,c_2,c_2,m_1,c_8,0.8802243392747388,0.4792840387569151
model_1147,c_4,c_11,c_5,c_2,0.8704287031346035,0.44914493340250167
model_1148,c_8,c_5,c_5,c_2,0.8849492931776275,0.40716616475534495
model_1149,c_6,c_9,c_9,c_1,0.8707360172095882,0.6040684423456913
model_1150,c_1,c_11,c_7,c_12,0.8810694529809465,0.4111740533182353
model_1151,c_9,c_4,c_10,c_6,0.8878687768899816,0.39303247415367343
model_1152,c_6,c_12,c_7,c_1,0.8741548862937922,0.4272911360815909
model_1153,c_10,m_2,c_11,s,0.8519898586355255,0.5168176429654164
model_1154,c_7,c_2,c_2,c_7,0.8730024585125998,0.44852995934776535
model_1155,c_7,c_7,c_6,c_7,0.880838967424708,0.4254825091528687
model_1156,c_11,c_2,c_3,c_12,0.8751920712968654,0.42063461493222204
model_1157,c_9,c_5,c_12,c_12,0.8827596803933621,0.41573222796418363
model_1158,c_3,c_12,c_10,c_1,0.8496081745543946,0.5104217367829468
model_1159,c_4,c_9,c_6,c_10,0.8799170251997541,0.4194813810412548
model_1160,c_9,c_1,c_8,m_3,0.8719268592501537,0.4287014882679578
model_1161,m_3,c_5,c_12,c_12,0.8854486785494776,0.3822077286521862
model_1162,c_10,c_10,c_2,c_10,0.8695835894283959,0.4786875412353505
model_1163,c_7,m_3,m_2,c_3,0.7943300553165334,0.6932256582622962
model_1164,c_2,m_1,c_11,c_8,0.8796097111247695,0.4445202647998572
model_1165,c_2,c_6,c_8,m_2,0.8653964351567301,0.45463574609244684
